customerid,domestic
17841,True
14911,False
14096,True
12748,True
14606,True
15311,True
14646,False
13089,True
13263,True
14298,True
15039,True
14156,False
18118,True
14159,True
14796,True
15005,True
16033,True
14056,True
573585,True
14769,True
17511,True
13081,True
16549,True
14456,True
14527,True
15719,True
15555,True
16931,True
17811,True
14505,True
12415,False
18283,True
17338,True
581219,True
12921,True
17757,True
581492,True
17675,True
15159,True
580729,True
16764,True
16904,True
13137,True
558475,True
15547,True
16923,True
17920,True
17735,True
579777,True
581217,True
537434,True
15529,True
16360,True
16729,True
16241,True
580730,True
15856,True
538071,True
580367,True
580115,True
581439,True
13969,True
16713,True
14502,True
580983,True
12681,False
578344,True
538349,True
13230,True
14415,True
13098,True
578347,True
14194,True
537638,True
537237,True
536876,True
576617,True
536592,True
14088,True
537823,True
16686,True
576837,True
13694,True
17611,True
579508,True
14667,True
577078,True
537240,True
17238,True
17602,True
15023,True
15358,True
577358,True
15993,True
14534,True
576618,True
12867,True
17337,True
16910,True
15861,True
17231,True
576840,True
579187,True
537666,True
538177,True
14367,True
536544,True
578844,True
575930,True
577768,True
15356,True
578827,True
15498,True
575176,True
539437,True
576329,True
17059,True
575477,True
15033,True
539958,True
12471,False
15998,True
14895,True
14049,True
17346,True
575875,True
579512,True
16161,True
13668,True
540551,True
14730,True
13319,True
12682,False
15640,True
578065,True
13408,True
538524,True
17954,True
17139,True
559055,True
578067,True
17315,True
575739,True
15021,True
16558,True
18041,True
538566,True
18069,True
17220,True
13069,True
17365,True
12540,False
559052,True
539434,True
15044,True
15867,True
540848,True
13018,True
539453,True
12621,False
12567,False
541421,True
18109,True
17581,True
16746,True
15078,True
14085,True
16813,True
560772,True
13268,True
16712,True
14562,True
13451,True
560434,True
12474,False
539451,True
13798,True
12841,True
560926,True
13097,True
539436,True
13521,True
559816,True
18102,True
15615,True
541827,True
13488,True
17340,True
13050,True
14684,True
17107,True
12433,False
574950,True
17377,True
16984,True
14546,True
17576,True
540977,True
574076,True
574298,True
15601,True
541592,True
17364,True
17758,True
14704,True
15752,True
17799,True
575177,True
540026,True
15061,True
13004,True
17243,True
540821,True
574074,True
541695,True
16710,True
541423,True
15034,True
13767,True
17706,True
13458,True
17530,True
14800,True
14849,True
12637,False
17865,True
558614,True
15443,True
16007,True
12472,False
14587,True
541219,True
14432,True
13078,True
16843,True
560225,True
17813,True
16422,True
541422,True
18116,True
16426,True
541696,True
17509,True
16474,True
14547,True
14936,False
12757,False
16133,True
14903,True
18055,True
18122,True
14711,True
14688,True
541104,True
15249,True
559693,True
16745,True
16393,True
541424,True
16110,True
12451,False
14395,True
562955,True
13985,True
540418,True
14701,True
540646,True
12683,False
14702,True
13148,True
574561,True
12484,False
13709,True
12720,False
540995,True
15150,True
16779,True
17428,True
559338,True
13755,True
13534,True
13001,True
12705,False
559923,True
14713,True
13571,True
17450,True
13975,True
541497,True
13871,True
540352,True
14535,True
560773,True
540468,True
550458,True
571508,True
558777,True
14071,True
14583,True
15570,True
17965,True
15436,True
13209,True
16919,True
15194,True
14178,True
16814,True
13742,True
17049,True
17677,True
16791,True
14680,True
13269,True
16326,True
559163,True
17613,True
16327,True
570187,True
12856,True
14961,True
14506,True
17050,True
17625,True
12839,True
13418,True
559506,True
15513,True
17769,True
13174,True
17850,True
16700,True
16049,True
13102,True
558774,True
558904,True
12477,False
12971,True
13869,True
15805,True
13468,True
15427,True
12766,False
15382,True
16940,True
15727,True
15426,True
550470,True
561209,True
15493,True
18223,True
12626,False
17571,True
16523,True
546896,True
16839,True
16187,True
14525,True
17634,True
15708,True
559337,True
17975,True
17068,True
559817,True
15750,True
16242,True
556812,True
17284,True
570688,True
14446,True
12428,False
14390,True
569545,True
14057,True
16873,True
562933,True
540681,True
571716,True
18225,True
15453,True
17686,True
540154,True
572550,True
16794,True
14286,True
14410,True
16115,True
567671,True
16705,True
552232,True
12517,False
16942,True
570871,True
16440,True
539492,True
541516,True
578149,True
14472,True
16609,True
15786,True
17870,True
16684,True
572553,True
15152,True
17719,True
17449,True
13113,True
14723,True
14189,True
15058,True
12731,False
15271,True
15984,True
15834,True
17218,True
16255,True
14572,True
12539,False
15804,True
17426,True
568567,True
17416,True
17652,True
580610,True
17596,True
16728,True
14329,True
17017,True
13334,True
12536,False
15910,True
539595,True
13178,True
564754,True
14426,True
12362,False
12700,False
16029,True
14191,True
13599,True
571713,True
568719,True
16670,True
572758,True
17126,True
15532,True
570872,True
16550,True
15544,True
16655,True
571931,True
17528,True
569372,True
13471,True
14659,True
14449,True
16265,True
17690,True
554514,True
14031,True
568134,True
14810,True
14808,True
12476,False
565919,True
12714,False
545897,True
17716,True
12359,False
16771,True
560090,True
17372,True
548894,True
569898,True
14099,True
552229,True
17589,True
580612,True
12709,False
565840,True
16945,True
17961,True
550474,True
15907,True
569202,True
14180,True
15301,True
578833,True
14146,True
18226,True
556237,True
14462,True
539631,True
12957,True
14030,True
570690,True
15502,True
16938,True
550471,True
16744,True
14573,True
568721,True
564974,True
572549,True
14040,True
17651,True
13988,True
15059,True
566060,True
560433,True
14291,True
15644,True
14719,True
579297,True
570465,True
14755,True
17191,True
15701,True
16016,True
16145,True
12431,False
16464,True
557112,True
14653,True
17609,True
569374,True
16717,True
559162,True
12583,False
13124,True
12490,False
567668,True
540255,True
16348,True
17019,True
15351,True
576644,True
550500,True
16409,True
15189,True
544599,True
12749,True
12753,False
565234,True
13198,True
14529,True
17160,True
13610,True
17673,True
16370,True
568135,True
15531,True
16722,True
14277,False
567901,True
16081,True
18077,True
551997,True
567670,True
575138,True
566952,True
12627,False
13267,True
545215,True
545568,True
13527,True
573137,True
13505,False
17389,True
17861,True
547042,True
12662,False
16592,True
14422,True
13013,True
545895,True
554694,True
16767,True
546136,True
18145,True
17730,True
17827,True
12378,False
17463,True
15518,True
568949,True
15444,True
12949,True
556108,True
16186,True
15144,True
16005,True
15514,True
581498,True
13777,True
14092,True
17015,True
555275,True
541830,True
14530,True
14554,True
565917,True
13680,True
15676,True
14978,True
564818,True
544812,True
569700,True
14733,True
569544,True
564837,True
17348,True
15572,True
17593,True
548373,True
14051,True
12744,False
17585,True
581023,True
15707,True
15622,True
17097,False
17211,True
565396,True
17400,True
18096,True
16121,True
15290,True
16011,True
13999,True
16928,True
544684,True
564758,True
12481,False
15808,True
555397,True
16395,True
565233,True
14698,True
571257,True
544681,True
544434,True
12597,False
14044,True
16905,True
17419,True
17228,True
13735,True
16657,True
16556,True
13764,True
561217,True
564840,True
563193,True
14419,True
13842,True
13232,True
15787,True
15046,True
14735,True
562843,True
564817,True
559051,True
16719,True
17323,True
14060,True
546008,True
14524,True
16891,True
581238,True
547248,True
16458,True
18204,True
575947,True
567667,True
12607,False
557502,True
562934,True
13266,True
14132,True
13614,True
551995,True
17590,True
15296,True
16525,True
17858,True
15521,True
14649,True
13448,True
14963,True
17404,False
17091,True
17725,True
565232,True
543467,True
566602,True
14709,True
16401,True
18172,True
13700,True
577531,True
14591,True
18125,True
542255,True
566949,True
16782,True
15114,True
566757,True
563195,True
15379,True
562715,True
548893,True
556932,True
17777,True
13047,True
15298,True
548516,True
564835,True
13736,True
14499,True
567673,True
14221,True
552514,True
16743,True
15416,True
14498,True
564221,True
564838,True
17894,True
545464,True
15756,True
550496,True
14388,True
18022,True
557938,True
15858,True
565617,True
17750,True
549295,True
557324,True
17790,True
16818,True
563549,True
12417,False
561515,True
15484,True
17085,True
571082,True
15764,True
566446,True
13634,True
565841,True
562024,True
546007,True
556636,True
568716,True
12553,False
13285,True
12449,False
550953,True
564760,True
545667,True
547386,True
539750,True
566221,True
15955,True
12437,False
564757,True
556813,True
562553,True
16726,True
561513,True
16626,True
544186,True
12955,True
552508,True
17341,True
14227,True
16015,True
557644,True
14401,True
15009,True
13184,True
16469,True
12347,False
549155,True
555510,True
574856,True
543826,True
16533,True
561651,True
17472,True
562113,True
567507,True
14083,True
553718,True
13881,True
542344,True
16059,True
14307,True
14461,True
15525,True
13588,True
565847,True
546884,True
17974,True
16200,True
13536,True
16880,True
542906,True
545216,True
562264,True
17997,True
557937,True
15696,True
13523,True
17567,True
13772,True
542541,True
15974,True
15632,True
18245,True
13566,True
13015,True
15738,True
547788,True
555150,True
546891,True
16180,True
16755,True
579694,True
564756,True
564755,True
14639,True
13558,True
555276,True
12836,True
16607,True
13838,True
547249,True
13139,True
13815,False
16442,True
541999,True
14112,True
572897,True
552857,True
17073,True
562420,True
13381,True
12444,False
550636,True
556459,True
549524,True
14944,True
553013,True
16407,True
16470,True
547964,True
550542,True
14004,True
12688,False
17837,True
567665,True
554511,True
562717,True
18272,True
544323,True
14669,True
13093,True
13362,True
549023,True
17644,True
17001,True
543013,True
17728,True
14907,True
15687,True
14662,True
12473,False
15838,True
15574,True
16678,True
16511,True
17591,True
564825,True
16085,True
546888,True
16303,True
550541,True
14125,True
572540,True
561820,True
548191,True
13437,True
16283,True
12370,False
18198,True
16837,True
545217,True
13654,True
13596,True
15218,True
565231,True
543660,True
579471,True
16019,True
14179,True
546306,True
15527,True
13880,True
566603,True
14592,True
18229,True
16800,True
12708,False
548194,True
17213,True
14503,True
15506,True
12668,False
14175,True
561214,True
550499,True
13394,True
571714,True
16898,True
14334,True
17084,True
13507,True
14299,True
551718,True
14016,False
554310,True
547830,True
17659,True
552234,True
14121,True
12562,False
15511,True
14971,True
571797,True
555277,True
561369,True
13090,True
13949,True
15916,True
544928,True
12779,False
14234,True
18139,True
12613,False
550987,True
12501,False
16877,True
545333,True
12721,False
14842,True
16669,True
12678,False
15065,True
13426,True
13971,True
13373,True
12569,False
16775,True
15464,True
17774,True
555278,True
15628,True
564857,True
15004,True
554512,True
16520,True
561218,True
14081,True
16316,True
14282,True
553387,True
14110,True
546406,True
17027,True
13384,True
15024,True
15491,True
543909,True
13994,True
15673,True
17069,True
12877,True
16701,True
541969,True
16788,True
553890,True
13883,True
16332,True
18075,True
570258,True
16340,True
16633,True
15407,True
14629,True
546892,True
556243,True
550986,True
14032,True
547250,True
17566,True
13956,True
17203,True
14593,True
12685,False
563093,True
16907,True
16725,True
562114,True
571061,True
561371,True
12970,True
15906,True
579787,True
15281,True
16191,True
15365,True
12520,False
550638,True
547967,True
12480,False
16809,True
557500,True
16013,True
562417,True
14952,True
16983,True
15755,True
14732,True
13901,True
14243,True
17071,True
542622,True
14428,True
547547,True
13911,True
13644,True
555923,True
16014,True
537640,True
17863,True
16466,True
538877,True
552520,True
553162,True
13208,True
17802,True
14868,True
15862,True
15769,True
13632,True
12395,False
12577,False
17700,True
17979,True
13110,True
15581,True
16477,True
548522,True
16770,True
17545,True
17883,True
17164,True
14487,True
558240,True
15089,True
17921,True
536982,True
14482,True
573553,True
544089,True
15051,True
555924,True
15919,True
14852,True
16916,True
13246,True
15235,True
14262,True
15006,True
13212,True
543182,True
543399,True
13756,True
13769,True
13517,True
15860,True
12502,False
13126,True
13862,True
16240,True
552000,True
543358,True
17288,True
15203,True
17812,True
18196,True
14387,True
15987,True
18260,True
17612,True
18168,True
18156,True
543546,True
544598,True
15845,True
15125,True
15854,True
17504,True
17442,True
554054,True
538351,True
552702,True
15811,True
14710,True
13136,True
16871,True
536865,True
17434,True
18065,True
16156,True
14841,True
547385,True
548203,True
552493,True
15874,True
17516,True
13924,True
564820,True
13952,True
13804,True
14766,True
553549,True
16222,True
13048,True
17838,True
15373,True
543530,True
539718,True
551174,True
17744,True
12524,False
13141,True
555925,True
16497,True
17314,True
16150,True
13555,True
13704,True
17293,True
16889,True
17114,True
15022,True
16460,True
13317,True
17422,True
16258,True
18210,True
549525,True
16225,True
17787,True
13021,True
542664,True
12743,False
16057,True
17131,True
14623,True
13340,True
14135,True
555722,True
14776,True
17444,False
12727,False
14696,True
16271,True
13168,True
571305,True
15038,True
15827,True
15674,True
16570,True
568057,True
15796,True
13365,True
15157,True
553389,True
16438,True
558066,True
17360,True
14670,True
13115,True
551340,True
14854,True
12357,False
15877,True
14382,True
15996,True
17180,True
16076,True
16367,True
16918,True
17685,True
13576,True
14844,True
14465,True
12935,True
14341,True
16987,True
569137,True
13593,True
16869,True
543345,True
12598,False
16735,True
543097,True
15012,True
17368,True
12712,False
14930,False
13422,True
16376,True
15720,True
15872,True
18044,True
15036,True
16170,True
17265,True
14657,True
18079,True
541971,True
12360,False
566787,True
14626,True
14565,True
12456,False
15228,True
17696,True
540832,True
18231,True
15482,True
12584,False
12656,False
16899,True
13993,True
568411,True
15584,True
545078,True
17092,True
15494,True
13908,True
12397,False
14878,True
16261,True
17629,True
14107,True
14418,True
13548,True
551719,True
17287,True
17259,True
18016,True
14577,True
15819,True
16706,True
14321,True
14309,True
16875,True
14493,True
16652,True
16253,True
13014,True
12838,True
12901,True
18257,True
537643,True
16210,True
13159,True
15410,True
15965,True
543985,True
18043,True
17109,True
13552,True
12556,False
14825,True
558068,True
16801,True
537642,True
15251,True
557645,True
16985,True
16293,True
15060,True
538153,True
545713,True
17722,True
12937,True
13771,True
13344,True
13199,True
13895,True
16628,True
15932,True
14898,True
15641,True
15800,True
18180,True
17682,True
12518,False
15220,True
12948,True
12578,False
13870,True
14232,True
14224,True
16324,True
13725,True
14211,True
539708,True
16143,True
12423,False
15716,True
14360,True
566985,True
16126,True
12726,False
17884,True
15376,True
544776,True
15704,True
13758,True
14665,True
13510,True
16841,True
15665,True
555149,True
16369,True
17667,True
17272,True
17406,True
16672,True
573601,True
12840,True
14239,True
15002,True
13782,True
13982,True
17088,True
17672,True
17897,True
14700,True
12647,False
12854,True
18219,True
15549,True
16201,True
15563,True
13854,True
12409,False
14544,True
12594,False
15054,True
15901,True
13890,True
14553,True
14640,True
16515,True
540355,True
15983,True
18034,True
13481,True
17289,True
14258,True
15093,True
13077,True
13983,True
13658,True
14245,True
544214,True
17254,True
15810,True
538149,True
14250,True
15241,True
17461,True
15031,True
17459,True
17797,True
16456,True
14062,True
14541,True
15172,True
15128,True
17381,True
15214,True
553393,True
14305,True
538148,True
13196,True
17491,True
16374,True
15679,True
16358,True
13320,True
14837,True
539737,True
12916,True
16434,True
16379,True
17886,True
12965,True
12560,False
16284,True
14215,True
16279,True
14451,True
13327,True
18097,True
12843,True
15291,True
15530,True
14292,True
12406,False
13224,True
12408,False
541871,True
13659,True
14161,True
13715,True
17705,True
14408,True
12610,False
543237,True
12933,True
13309,True
14504,True
17321,True
12868,True
14257,True
17451,True
14217,True
12432,False
16571,True
15321,True
17555,True
12523,False
16361,True
15880,True
537645,True
13012,True
15123,True
17512,True
14607,True
13134,True
17236,True
17162,True
14093,True
17768,True
543713,True
18241,True
14404,True
17964,True
16912,True
13875,True
18235,True
15465,True
15620,True
15594,True
15068,True
13421,True
17214,True
543448,True
14315,True
14210,True
12940,True
12947,True
13435,True
13717,True
15164,True
16003,True
15950,True
15953,True
14290,True
12747,True
15573,True
17800,True
14651,True
16418,True
17864,True
12782,False
14595,True
16066,True
15106,True
14759,True
17290,True
17043,True
14866,True
16806,True
17159,True
14675,True
16383,True
13849,True
14515,True
12380,False
12931,True
14584,True
574941,True
16892,True
13271,True
554956,True
16885,True
16023,True
15105,True
12615,False
17061,True
16031,True
14543,True
15113,True
16960,True
15411,True
16394,True
13637,True
12388,False
17614,True
12391,False
13467,True
18178,True
16455,True
12633,False
16168,True
12635,False
576365,True
15505,True
14664,True
17738,True
13601,True
13030,True
15237,True
18252,True
551468,True
15976,True
13546,True
13650,True
15799,True
15334,True
13607,True
14507,True
16674,True
14871,True
14901,True
14414,True
12669,False
15048,True
17042,True
14443,True
16805,True
12684,False
16618,True
16221,True
12758,False
15850,True
15981,True
13379,True
16205,True
15201,True
16496,True
16495,True
16372,True
16224,True
13822,True
17198,True
569415,True
14621,True
17086,True
15367,True
12438,False
12865,False
12909,True
18036,True
16992,True
12383,False
15146,True
16790,True
15179,True
16750,True
16817,True
12963,True
15370,True
16638,True
12585,False
14397,True
541869,True
566577,True
16012,True
17890,True
13850,True
17405,True
17759,True
12429,False
13183,True
17282,True
577150,True
12826,True
17917,True
13627,True
16353,True
15660,True
17655,True
16714,True
553148,False
14740,True
556080,True
17999,True
16245,True
551173,True
14038,True
13827,True
17754,True
16906,True
15747,True
16676,True
17052,True
15508,True
539738,True
13213,True
15154,True
17397,True
13959,True
12759,False
15187,True
16347,True
17648,True
12988,True
14034,True
16244,True
12620,False
12847,True
15721,True
16979,True
15606,True
541809,True
15952,True
15889,True
14748,True
13265,True
18092,True
13357,True
17469,True
548162,True
13695,True
546388,True
17932,True
16362,True
14336,True
17663,True
16218,True
16009,True
540238,True
18179,True
17105,True
14467,True
12670,False
16153,True
12528,False
542109,True
13590,True
12576,False
17188,True
16924,True
16128,True
13157,True
16762,True
18230,True
15700,True
15245,True
12625,False
17507,True
569414,True
17554,True
18239,True
15339,True
16386,True
14048,True
14209,True
13520,False
15483,True
552659,True
14934,False
15288,True
15743,True
17252,True
16173,True
17515,True
17173,True
13667,True
542794,True
15785,True
13316,True
16951,True
13995,True
14913,True
15898,True
14312,True
16980,True
17345,True
17371,True
14985,True
13259,True
13544,True
12674,False
15122,True
551339,True
16553,True
16503,True
16504,True
12619,False
13722,True
13149,True
13475,True
15485,True
16010,True
551547,True
13491,True
564230,True
15533,True
12381,False
16398,True
12886,True
562846,True
14954,True
13577,True
562104,True
17490,True
13155,True
13623,True
13280,True
16169,True
17147,True
16595,True
541221,True
577844,True
15392,True
17968,True
15394,True
16463,True
13991,True
16444,True
12455,False
14102,True
13186,True
17994,True
17779,True
15967,True
13569,True
15596,True
12853,True
12398,False
549100,True
12352,False
16730,True
15111,True
17054,True
16341,True
14005,True
15129,True
575748,True
12928,True
16053,True
17519,True
12463,False
574967,True
16045,True
16431,True
17731,True
17379,True
12876,False
15240,True
17595,True
15429,True
541870,True
14965,True
16101,True
17481,True
14794,True
13162,True
13118,True
17656,True
15067,True
17063,True
12890,True
15265,True
560567,True
13562,True
17796,True
14064,True
13564,True
17867,True
17302,True
17888,True
13477,True
17082,True
12364,False
15671,True
15545,True
12704,False
18161,True
15737,True
13305,True
15140,True
13851,True
12952,True
15117,True
17266,True
14656,True
17702,True
17075,True
17179,True
536862,True
17914,True
13647,True
14235,True
13630,True
570087,True
13301,True
15050,True
16656,True
15855,True
546972,True
16900,True
16709,True
13158,True
550740,True
16295,True
14916,True
565378,True
15694,True
17470,True
18242,True
16131,True
14921,True
15680,True
537641,True
17387,True
17255,True
15535,True
546648,True
559038,True
17618,True
17676,True
13055,True
12783,False
14251,True
17828,False
12985,True
13313,True
13425,True
15260,True
578746,True
538883,True
547396,True
17619,True
16929,True
13860,True
13324,True
13310,True
17936,True
16531,True
17037,True
15000,True
15471,True
12494,False
541493,True
14105,True
16776,True
567981,True
16653,True
16368,True
15472,True
15870,True
17095,True
15073,True
13533,True
17183,True
15939,True
13611,True
13752,True
15791,True
16022,True
13808,True
12710,False
14540,True
14560,True
17949,True
12377,False
18073,True
13117,True
539736,True
14407,True
12910,True
563439,True
15903,True
558371,True
17014,True
13151,True
13082,True
18177,True
13314,True
12942,True
14375,True
17537,True
550278,True
16042,True
14998,True
14276,True
17764,True
543000,True
13032,True
14246,True
15814,True
16554,True
15933,True
13428,True
16065,True
567024,True
567461,True
14673,True
13831,True
571119,True
15398,True
573580,True
18082,True
539739,True
14514,True
579751,True
12994,True
564841,True
15134,True
18117,True
17230,True
548505,True
14396,True
15730,True
565767,True
545027,True
14226,True
17320,True
14893,True
570592,True
17786,True
559521,False
16399,True
558116,True
13176,True
12483,False
15349,True
12885,True
14116,True
17350,True
12407,False
16859,True
580754,True
17522,True
14869,True
17950,True
580146,True
14466,True
548514,True
17633,True
15722,True
16416,True
12904,True
542536,True
551012,True
16637,True
15025,True
12349,False
13744,True
18188,True
556803,True
13450,True
564516,True
14729,True
15104,True
14758,True
14188,True
14715,True
14691,True
17041,True
15053,True
14344,True
18130,True
578940,True
14976,True
17375,True
14511,True
14214,True
573286,False
18094,True
15019,True
15503,True
14823,True
556082,True
16054,True
14834,True
17062,True
542624,True
12645,False
14087,True
14745,True
12462,False
566534,True
16359,True
574356,True
13761,True
15069,True
12689,False
14447,True
18287,True
15801,True
14904,True
18189,True
12508,False
17277,True
13064,True
14561,True
17295,True
15831,True
15826,True
17306,True
15136,True
16748,True
17248,True
542115,True
14692,True
12590,False
16317,True
13486,True
16895,True
16172,True
16249,True
14364,True
12526,False
17669,True
544201,True
14442,False
576391,True
12723,False
15500,True
17966,True
18202,True
12546,False
548504,True
580148,True
15625,True
12989,True
16056,True
548163,True
543532,True
14019,True
548663,True
17727,True
16188,True
15681,True
16807,True
13429,True
15605,True
14130,True
14140,True
566164,True
553768,True
13500,True
550208,True
16094,True
17783,True
579291,True
16098,True
12997,True
13813,False
12716,False
12762,False
15041,True
17204,True
17158,True
15145,True
13532,True
13240,True
13802,True
12872,True
16208,True
13882,True
565303,False
16795,True
16612,True
13642,True
17301,True
14035,True
14856,True
17412,True
549586,True
14267,True
551009,True
14533,True
543533,True
13673,True
539740,True
18221,True
15839,True
17100,True
15977,True
553541,True
572704,True
17931,True
17976,True
571554,True
573274,True
16040,True
17047,True
16274,True
13456,True
14078,True
12611,False
13221,True
12951,True
15745,True
568408,True
17562,True
580519,True
16062,True
16629,True
542625,True
17175,True
552687,True
12393,False
17410,True
17885,True
13636,True
546977,True
14532,True
12457,False
14948,True
555115,True
13167,True
17090,True
544205,True
556826,True
17081,True
13474,True
17070,True
12530,False
16842,True
13728,True
17221,True
17809,True
12936,True
12754,False
14297,True
15184,True
13192,True
14335,False
12906,True
553766,True
15353,True
13138,True
17604,True
16206,True
15272,True
553167,True
13652,True
15763,True
16445,True
542252,True
14452,True
17058,True
13447,True
15440,True
15449,True
16493,True
17064,True
16406,True
12630,False
14389,True
12534,False
16600,True
15821,True
12371,False
16934,True
16644,True
18263,True
16685,True
13635,True
581256,True
16688,True
16024,True
12775,False
559499,True
557640,True
559796,True
13476,True
16949,True
15891,True
17832,True
15630,True
14959,True
18237,True
17671,True
14672,True
17392,True
16266,True
17835,True
14739,True
14857,True
14223,True
17189,True
14293,True
18143,True
13867,True
17454,True
15329,True
565927,False
14995,True
15550,True
14817,True
16804,True
16903,True
14346,True
16693,True
13884,True
14775,True
16350,True
15026,True
13107,True
16921,True
15608,True
572185,True
553523,True
16402,True
542998,True
13719,True
12572,False
15948,True
16780,True
18005,True
17169,True
15088,True
15456,True
543171,True
17358,True
15706,True
13515,True
13931,True
13821,True
543629,True
14859,True
15434,True
579557,True
559914,True
14441,True
581497,True
13629,True
12820,True
14801,True
17608,True
14216,True
560780,True
14741,True
14383,True
16385,True
17913,True
550210,True
15289,True
13297,True
543732,True
12784,False
17860,True
558119,True
552676,True
13814,False
16175,True
13243,True
17402,True
15460,True
13363,True
557231,True
543201,True
17793,True
13662,True
14552,True
15920,True
12412,False
13235,True
560938,True
18001,True
13846,True
14171,True
548502,True
15108,False
15406,True
15457,True
14359,True
12356,False
16768,True
15227,True
16572,True
15306,True
15452,True
13591,True
12354,False
17908,True
14920,True
13203,True
15522,True
16102,True
13681,True
17250,True
554714,True
15571,True
541811,True
552677,True
16560,True
16204,True
12609,False
12446,False
17765,True
550209,True
16936,True
541975,False
15466,True
541993,True
13308,True
17299,True
14625,True
13760,True
556093,True
16915,True
553542,True
15062,True
17373,True
14508,True
13780,True
15553,True
15658,True
561367,True
538880,True
14381,True
14052,True
13655,True
18171,True
547552,True
12550,False
564646,True
14738,True
14549,True
551004,True
12828,True
550214,True
12722,False
16536,True
16320,False
17839,True
13211,True
15489,True
14716,True
14953,True
14597,True
12500,False
12399,False
14440,True
17311,True
556095,True
16036,True
14409,True
13122,True
15253,True
17597,True
15032,True
14897,True
575973,False
555327,True
13835,True
17247,True
12599,False
17703,True
18126,True
15156,True
12600,False
551005,True
13294,True
543200,True
13339,True
16415,True
13692,True
16954,True
14231,True
14256,True
13439,True
15832,True
13979,True
17646,True
553543,True
550215,True
16270,True
12772,False
16930,True
12488,False
552662,True
12434,False
17433,True
14050,True
17458,True
14883,True
545716,True
14690,True
541508,True
15568,True
553767,True
539955,True
14815,True
556433,True
16364,True
15433,True
16932,True
16480,True
13455,True
12717,False
14594,True
17007,True
546656,True
15066,True
15712,True
17649,True
12752,False
15421,True
16092,True
17771,True
16667,True
13583,True
13501,False
13430,True
16734,True
12405,False
573426,True
18035,True
13121,True
13330,True
16594,True
15467,True
17303,True
542633,True
17772,True
13549,True
552670,True
13495,True
17579,True
554961,True
546652,True
12844,True
16419,True
17135,True
12919,True
12657,False
554285,True
15990,True
17096,True
558388,False
16639,True
17505,True
17083,True
544766,True
540356,True
544206,True
12679,False
14067,True
15238,True
14163,True
15599,True
15239,True
560245,False
14770,True
14261,True
15132,True
14725,True
15276,True
14129,True
14154,True
14167,True
15211,True
12514,False
13354,True
16243,True
12701,False
13336,True
548164,True
15192,True
16365,True
550205,True
15900,True
17297,True
17848,True
17383,True
15645,True
552675,True
15602,True
571500,True
15829,True
13389,True
560293,True
579744,True
15579,True
557481,True
13109,True
17857,True
17720,True
16777,True
15399,True
14598,True
17594,True
547397,True
12652,False
13708,True
15841,True
13376,True
16494,True
15835,True
14655,True
17552,True
552660,True
17324,True
13492,False
12851,True
17624,True
17653,True
17002,True
12913,True
548166,True
12640,False
558682,True
14152,True
14488,True
12372,False
12680,False
18110,True
15978,True
15095,True
13563,True
14875,True
545715,True
552668,True
557494,True
13656,True
18248,True
12724,False
560298,True
554293,True
12465,False
17527,True
15076,True
15322,True
15325,True
12878,True
13940,True
15883,True
12541,False
15815,True
17819,True
16774,True
15626,True
13066,True
16108,True
550123,True
12849,True
16933,True
17564,True
550207,True
18236,True
14157,True
554958,True
13707,True
17739,True
15618,True
17984,True
546653,True
14818,True
13037,True
564087,False
16103,True
15415,True
545317,True
17967,True
559802,True
544207,True
544202,True
15028,True
16624,True
14550,True
560779,True
543451,True
17432,True
15270,True
17223,True
12545,False
13171,True
15807,True
15312,True
14862,True
561080,True
17144,True
17048,True
15079,True
544771,True
15656,True
12822,True
548167,True
16833,True
559488,True
14805,True
541810,True
14002,True
17227,True
17229,True
15255,True
17874,True
539735,True
14475,True
565286,True
538881,True
14485,True
13941,True
16229,True
16235,True
13396,True
552684,True
15274,True
18045,True
13028,True
14352,True
13016,True
18127,True
558810,True
14138,True
547399,True
545025,True
552672,True
12939,True
17385,True
14289,True
14880,True
16343,True
12857,True
14790,True
14379,True
13824,True
544770,True
18265,True
17521,True
13200,True
536864,True
17692,True
13431,True
16020,True
15507,True
13131,True
16573,True
18015,True
559493,True
15478,True
13278,True
17561,True
13140,True
16184,True
16727,True
16209,True
558864,False
544772,True
541878,True
18061,True
13939,True
14141,True
14128,True
17795,True
553175,True
551010,True
553535,False
552674,True
13575,True
552683,True
14076,True
545717,True
18192,True
12815,False
17724,True
541130,True
17660,True
550206,True
12925,True
12794,False
15437,True
16747,True
17357,True
14731,True
14918,True
12646,False
554960,True
16718,True
14412,True
565928,False
12764,False
17286,True
14829,True
13499,True
15480,False
546649,True
16411,True
15866,True
16392,True
558118,True
16333,True
15757,True
16539,True
559491,True
16893,True
17873,True
13790,True
15576,True
15116,True
13925,True
546976,True
547398,True
14676,True
15252,True
12778,False
16681,True
14198,True
17004,True
13370,True
17006,True
552678,True
13617,True
16268,True
16306,True
14204,True
560291,True
15782,True
13568,True
14127,True
12642,False
557493,True
15366,True
17580,True
14009,True
16214,True
16309,True
14803,True
543461,True
18183,True
16902,True
14923,True
15582,True
18181,True
16897,True
13516,True
17431,True
15384,True
18212,True
17937,True
13730,True
558809,True
17425,True
14177,True
15809,True
548165,True
15215,True
545714,True
15980,True
544468,False
15208,True
13900,True
13720,True
17051,True
541131,True
13040,True
17664,True
552667,True
552663,True
17551,True
17734,True
13233,True
15611,True
14470,True
16723,True
12653,False
17115,True
17806,True
13173,True
18144,True
13606,True
16759,True
17411,True
12453,False
14229,True
16449,True
14896,True
13509,True
539744,True
15951,True
14075,True
16212,True
14077,True
15074,True
17550,True
18259,True
14958,True
17101,True
14240,True
13291,True
13743,True
557643,True
12883,True
556081,True
15957,True
12728,False
12617,False
13165,True
555324,True
15795,True
13166,True
16485,True
15275,True
18167,True
580366,True
18211,True
17429,True
13356,True
16950,True
13026,True
550211,True
13341,True
16969,True
13726,True
14320,True
552671,True
16518,True
14193,True
14362,True
14984,True
13598,True
547551,True
16971,True
16996,True
14357,True
13350,True
13464,True
552665,True
16330,True
552681,True
12673,False
543172,True
15812,True
13989,True
15167,True
14754,True
12735,False
15297,True
15830,True
14323,True
18101,True
556085,True
15723,True
15402,True
17466,True
15539,True
12421,False
551006,True
14779,True
14158,True
14631,True
14222,True
15918,True
15813,True
16769,True
15894,True
16086,True
14113,True
15865,True
16127,True
17642,True
13639,True
12628,False
13282,True
559497,True
544204,True
13823,True
17499,True
12719,False
18004,True
12697,False
17514,True
14149,True
14988,True
546650,True
17242,True
14450,True
559039,True
17125,True
15110,True
538884,True
17201,True
18232,True
17869,True
17912,True
13888,True
16043,True
17251,True
13685,True
12676,False
553545,True
12379,False
16354,True
14020,True
15577,True
14201,True
18106,True
17930,True
13397,True
17631,True
16882,True
13402,True
14765,True
16037,True
14014,True
13236,True
17904,True
18088,True
16491,True
556087,True
14001,True
17911,True
542999,True
13799,True
17988,True
18136,True
15414,True
13951,True
18160,True
572680,False
539741,True
541584,True
16978,True
16099,True
550213,True
14830,True
17503,True
17267,True
18093,True
14966,True
12830,True
15985,True
18170,True
12468,False
564184,False
544768,True
16823,True
15315,True
17119,True
13539,True
16084,True
14036,True
12638,False
14205,True
14931,False
16122,True
17398,True
556428,True
13375,True
16914,True
16134,True
543450,True
14356,True
17770,True
13023,True
18151,True
16883,True
13518,True
14756,True
18104,True
13258,True
541506,True
13731,True
551008,True
16232,True
559689,True
12422,False
16345,True
13565,True
17924,True
14720,True
17460,True
15655,True
14867,True
15380,True
562936,True
12693,False
15205,True
16311,True
16322,True
16216,True
15027,True
543899,False
16721,True
12413,False
18150,True
15762,True
13034,True
12739,False
14968,True
C557663,False
14459,True
16136,True
16887,True
556825,True
13187,True
541495,True
16142,True
12521,False
554546,True
541132,True
12713,False
554526,True
18067,True
18123,True
14233,True
558683,True
13878,True
559043,True
12425,False
13496,True
16203,True
12458,False
553544,True
16447,True
12435,False
17447,True
15643,True
13388,True
15197,True
12624,False
13819,True
16140,True
13950,True
17584,True
17232,True
15646,True
15335,True
13253,True
546651,True
15320,True
552673,True
16116,True
16230,True
551007,True
17146,True
15669,True
16412,True
13753,True
17843,True
17695,True
14101,True
18158,True
15103,True
546973,True
16479,True
14108,True
558837,True
17193,True
12658,False
14778,True
17962,True
16567,True
12694,False
15790,True
17637,True
15714,True
17362,True
17733,True
12513,False
13963,True
12478,False
14937,False
13385,True
14910,True
17749,True
15994,True
17708,True
541496,True
16642,True
14306,True
542997,True
544208,True
13741,True
560296,True
16513,True
13046,True
15081,True
547400,True
16164,True
546655,True
16389,True
15332,False
12475,False
15492,True
573633,True
539742,True
15014,True
14643,True
546974,True
16603,True
555320,True
12842,True
18033,True
14970,True
15258,True
13914,True
544767,True
560777,True
12512,False
16753,True
17891,True
14338,True
16766,True
14013,True
12418,False
17367,True
15408,True
12461,False
16052,True
13487,True
12893,True
13557,True
548168,True
14567,True
15244,True
17557,True
14284,True
15971,True
17905,True
18072,True
12654,False
12479,False
12535,False
16357,True
578539,False
14047,True
12616,False
12982,True
541133,True
13225,True
15624,True
12571,False
17370,True
555322,True
18176,True
550212,True
12557,False
12967,True
15246,True
13812,False
18009,True
16070,True
546654,True
17329,True
17523,True
16008,True
13560,True
17817,True
16384,True
16589,True
15677,True
552666,True
17623,True
16943,True
13044,True
12589,False
15318,True
16616,True
16461,True
13868,True
557496,True
14891,True
13955,True
12707,False
17403,True
13800,True
15822,True
14272,True
13572,True
555336,True
13732,True
16275,True
17034,True
556092,True
15725,True
16380,True
549738,False
12374,False
17035,True
14176,True
13170,True
575649,True
13238,True
17124,True
17344,True
545024,True
15344,True
551423,True
15881,True
16551,True
14557,True
558874,True
16666,True
16120,True
15651,True
12769,False
17899,True
18228,True
18121,True
14439,False
16026,True
18205,True
14539,True
16602,True
14973,True
12667,False
15223,True
16356,True
16017,True
13810,False
15018,True
12427,False
18200,True
13355,True
557642,True
14497,True
558316,True
12649,False
14023,True
17244,True
13784,True
539745,True
18173,True
15569,True
15556,True
16968,True
15109,True
13934,True
18013,True
13919,False
15091,True
558321,True
13787,True
12510,False
574918,False
13292,True
13000,True
18217,True
12991,True
15561,True
12390,False
15303,True
556089,True
13116,True
15585,True
16584,True
14265,False
13684,True
16561,True
17704,True
16654,True
13816,False
16546,True
15806,True
18014,True
560290,True
16535,True
16488,True
16107,True
549537,True
17480,True
555326,True
541879,True
559518,True
12644,False
550203,True
15232,True
16139,True
556427,True
16083,True
16413,True
14349,True
16185,True
15386,True
17972,True
17970,True
14660,True
16682,True
14006,True
16529,True
17418,True
18119,True
16613,True
17957,True
12924,True
16113,True
17679,True
17829,False
16601,True
17980,True
14753,True
16966,True
13276,True
18008,True
14474,True
17420,True
13035,True
16141,True
14481,True
12631,False
13894,True
13954,True
13094,True
539245,True
16117,True
12944,True
13865,True
14133,True
15853,True
14647,True
12424,False
15450,True
14813,True
14620,True
14489,True
13918,True
14420,True
17298,True
556516,True
17111,True
12454,False
13410,True
559801,True
17520,True
15052,True
15589,True
15904,True
13737,True
14645,True
14788,True
12987,True
15133,True
14658,True
16400,True
12579,False
14585,True
14824,True
14820,True
13427,True
15364,True
14708,True
13833,True
16146,True
18078,True
15468,True
14652,True
15947,True
17489,True
556091,True
558046,False
18085,True
14082,True
14164,True
15326,True
556094,True
16152,True
15475,True
14273,True
18018,True
13193,True
17197,True
15435,True
15551,True
15746,True
12426,False
16030,True
17361,True
16104,True
15182,True
15780,True
15541,True
13005,True
17712,True
15754,True
14722,True
14173,True
17569,True
13506,True
15163,True
14644,True
17235,True
13085,True
13189,True
14270,True
16621,True
17990,True
12420,False
560292,True
15147,True
17582,True
16475,True
12922,True
12920,True
13417,True
17892,True
15448,True
12999,True
13974,True
12384,False
17374,True
16825,True
16732,True
15543,True
14022,True
12923,True
17333,True
15963,True
14570,True
16182,True
15417,True
14851,True
13721,True
18155,True
17502,True
15840,True
16811,True
12811,False
17313,True
14037,True
16816,True
13643,True
12573,False
17462,True
17033,True
15300,True
17386,True
13705,True
15121,True
12664,False
539337,False
13368,True
542867,True
18114,True
13885,True
16574,True
14331,True
16018,True
16352,True
16025,True
17423,True
546364,True
13038,True
17898,True
18011,True
13358,True
13859,True
13748,True
17222,True
14873,True
16863,True
14636,True
17935,True
12781,False
14744,True
556513,True
16038,True
14960,True
14780,True
18062,True
15035,True
17133,True
12930,True
17274,True
13892,True
17674,True
17495,True
14586,True
17351,True
14997,True
13928,True
13936,True
17621,True
14912,False
C547725,True
12993,True
560778,True
12845,True
15469,True
15372,True
15988,True
12695,False
12808,False
14285,True
13524,True
571652,False
14304,True
15165,True
12410,False
539743,True
16720,True
16708,True
15517,True
13244,True
566179,False
15768,True
14421,True
16643,True
12832,True
13603,True
16593,True
12816,False
12348,False
12740,False
15075,True
16298,True
17078,True
13461,True
15648,True
13570,True
559042,True
12691,False
14311,True
13904,True
16955,True
15142,True
17878,True
17396,True
17880,True
14150,True
14139,True
14400,True
14403,True
13352,True
13594,True
16773,True
16884,True
13311,True
17736,True
18216,True
552539,False
16820,True
13573,True
16824,True
13745,True
16838,True
16614,True
14100,True
13027,True
15528,True
17630,True
17540,True
16484,True
15304,True
15734,True
547993,False
557480,True
13398,True
17560,True
15092,True
13092,True
13248,True
14332,True
17849,True
17573,True
15071,True
15342,True
14174,True
18112,True
17960,True
16233,True
15454,True
13322,True
15438,True
15213,True
12809,False
12447,False
558681,True
556083,True
18071,True
16278,True
12802,False
17542,True
14165,True
18164,True
13405,True
12596,False
14162,True
13538,True
559494,True
15292,True
575601,True
13670,True
12729,False
12591,False
541507,True
556429,True
550204,True
13675,True
15921,True
15057,True
17760,True
16272,True
16751,True
14600,True
547219,True
12824,True
17076,True
17219,True
17194,True
14712,True
15774,True
13247,True
12866,False
17233,True
16965,True
15789,True
12491,False
17859,True
15097,True
12827,True
13759,True
12394,False
15639,True
557641,True
15636,True
13584,True
558811,True
13873,True
12895,True
12792,False
17636,True
12912,True
12980,True
16441,True
14902,True
13414,True
14184,True
13853,True
13091,True
17486,True
12516,False
15314,True
15592,True
13750,True
17376,True
14628,True
14068,True
14317,True
577489,True
15537,True
16650,True
17852,True
556824,True
537253,True
16250,True
569896,True
15864,True
12833,True
15975,True
16211,True
16803,True
16834,True
12601,False
18218,True
17134,True
14578,True
17138,True
548310,True
15897,True
15837,True
17701,True
16763,True
558319,True
13615,True
17181,True
12506,False
14342,True
16063,True
16999,True
12945,True
16072,True
14512,True
547224,True
13485,True
15099,True
16378,True
17526,True
16174,True
17836,True
16404,True
545315,True
12950,True
13933,True
15345,True
558680,True
17985,True
15090,True
17154,True
17588,True
17830,True
12725,False
17658,True
16625,True
13249,True
15149,True
13649,True
13801,True
559489,True
16808,True
15882,True
18159,True
17711,True
13359,True
17263,True
13338,True
17919,True
560999,True
15597,True
15230,True
15175,True
15225,True
15264,True
14413,True
552338,True
13602,True
12363,False
13579,True
12580,False
13740,True
14894,True
16830,True
13142,True
14850,True
12793,False
12915,True
14619,True
17508,False
16160,True
16758,True
16147,True
15777,True
13531,True
17045,True
17046,True
18024,True
13473,True
565455,True
15847,True
13300,True
16297,True
15852,True
16305,True
16826,True
14431,True
13075,True
541129,True
12464,False
18006,True
15047,True
14703,True
13863,True
555325,True
13774,True
15695,True
15243,True
15153,True
13817,False
14453,True
13210,True
17031,True
12558,False
13372,True
14697,True
16711,True
17654,True
16499,True
12976,True
18274,True
17038,True
18250,True
14142,True
556090,True
17928,True
16034,True
539220,True
14021,True
16982,True
15130,True
539458,True
13504,True
15120,True
12733,False
16252,True
17951,True
568693,True
563547,False
14041,True
17767,True
14098,True
15748,True
15969,True
579546,True
14104,True
14762,True
13589,True
16079,True
17934,True
14206,True
16135,True
15923,True
17977,True
17926,True
12538,False
15675,True
15781,True
15654,True
16239,True
12639,False
15930,True
14220,True
12559,False
16071,True
17889,True
15652,True
12448,False
13323,True
18027,True
15115,True
570837,True
13927,True
17483,True
15308,True
18095,True
16967,True
13395,True
539650,True
15287,True
16947,True
15279,True
17226,True
14350,True
16648,True
558835,True
12365,False
16697,True
15185,True
13345,True
13343,True
13332,True
18154,True
C571196,True
14974,True
556821,True
12498,False
556515,True
13304,True
12493,False
18261,True
14555,True
13893,True
561091,True
12703,False
18053,True
15343,True
16425,True
537654,True
13239,True
14622,True
13220,True
13716,True
558117,True
14448,True
12648,False
12790,False
15713,True
14015,True
570236,True
13364,True
18135,True
16339,True
16668,True
12593,False
16627,True
16236,True
17510,True
12582,False
554957,True
16851,True
13923,True
540828,True
14951,True
14247,True
16325,True
14950,True
15210,True
13706,True
12564,False
13318,True
13844,True
12981,True
15825,True
12452,False
14888,True
15148,True
15010,True
538154,True
14633,True
13727,True
15557,True
12852,True
559514,True
13104,True
18059,True
17190,True
555321,True
12507,False
556086,True
16448,True
14855,True
14608,True
12715,False
17155,True
13497,True
15017,True
12612,False
C537251,True
12614,False
556188,True
13953,True
15016,True
17140,True
17946,True
17761,True
13600,True
536756,True
18203,True
17237,True
539746,True
15690,True
14757,True
12544,False
16909,True
14747,True
14536,True
18222,True
13621,True
16855,True
12552,False
16948,True
15664,True
14476,True
17901,True
14496,True
15186,True
557482,True
14538,True
13626,True
16483,True
16850,True
576646,False
17955,True
16566,True
17438,True
18108,True
17453,True
17457,True
18099,True
13899,True
16473,True
13416,True
13837,True
561667,False
16157,True
18056,True
16193,True
16207,True
13449,True
18040,True
14264,True
18037,True
12650,False
16318,True
16292,True
14333,True
16563,True
16715,True
17356,True
12566,False
12956,True
15261,True
15949,True
576828,True
16781,True
17697,True
541128,True
15623,True
15193,True
13329,True
17691,True
13887,True
15912,True
12643,False
14348,True
575759,False
18193,True
13917,True
555323,True
14513,True
14517,True
12718,False
13874,True
12834,True
14528,True
14479,True
12763,False
542936,True
18105,True
17940,True
12492,False
18142,True
15699,True
13466,True
16366,True
561090,True
16217,True
15621,True
17120,True
15863,True
16423,True
13502,True
13045,True
17693,True
14886,True
16109,True
15776,True
16149,True
13494,True
14905,True
15938,True
17253,True
17732,True
16202,True
14972,True
16482,True
13411,True
559515,True
16091,True
13083,True
16796,True
15520,True
15254,True
17666,True
15107,True
13369,True
15609,True
16260,True
17501,True
13052,True
16956,True
14881,True
17548,True
13897,True
17343,True
14828,True
15552,True
13146,True
12953,True
14581,True
12519,False
13503,True
18120,True
18081,True
17498,True
17456,True
12623,False
14618,True
17856,True
18185,True
16660,True
16517,True
538678,True
16528,True
16552,True
16555,True
14339,True
14460,True
13984,True
16281,True
12358,False
556924,False
12787,False
15181,True
13328,True
14427,True
17855,True
14491,True
16478,True
13763,True
559040,True
15424,True
13803,True
13460,True
13791,True
13930,True
13453,True
559692,True
14522,True
570475,True
15363,True
13781,True
14288,True
15346,True
15341,True
16433,True
558120,True
13177,True
15604,True
554959,True
15820,True
13856,True
17816,True
12527,False
12531,False
14737,True
13886,True
14126,True
548604,True
17018,True
16498,True
12375,False
560283,False
18149,True
557497,True
15497,True
13245,True
13419,True
13990,True
16124,True
16123,True
16119,True
17678,True
16112,True
539300,True
15885,True
15127,True
557151,True
15280,True
13678,True
16957,True
17354,True
15319,True
13226,True
14932,False
16321,False
18251,True
13932,True
16313,True
17171,True
546763,True
17239,True
18276,True
14518,True
13592,True
14242,True
17256,True
12350,False
17152,True
559800,True
18190,True
545316,True
13479,True
17895,True
17893,True
16247,True
15333,True
14000,True
14301,True
17506,True
12561,False
546368,True
16952,True
16793,True
16739,True
12592,False
12962,True
13273,True
12797,False
14638,True
15598,True
14024,True
16778,True
15224,True
13657,True
16027,True
16810,True
16619,True
541127,True
17094,True
13349,True
15637,True
13529,True
13153,True
537025,True
17359,True
17973,True
12532,False
13351,True
15749,True
15634,True
580508,True
13382,True
14236,True
12812,False
13067,True
17142,True
14114,True
17176,True
17742,True
16812,True
12690,False
17172,True
17854,True
12818,False
18213,True
557675,False
17157,True
16403,True
13972,True
17278,True
536755,True
547238,True
16183,True
15236,True
15823,True
13978,True
12414,False
12515,False
15540,True
17694,True
16342,True
15087,True
14885,True
573267,True
17011,True
17684,True
13828,True
15869,True
12436,False
14029,True
13512,True
558808,True
15124,True
13672,True
549714,True
13889,True
14784,True
12750,False
17668,True
15516,True
13272,True
13127,True
13060,True
13008,True
16177,True
17040,True
17388,True
14687,True
17384,True
16526,True
16689,True
12604,False
14793,True
540556,False
15143,True
16848,True
16583,True
14109,True
12504,False
14089,True
13255,True
15396,True
15783,True
12489,False
14073,True
16961,True
12785,False
14484,True
545581,True
13284,True
17128,True
14416,True
14411,True
16527,True
16926,True
16647,True
536801,True
15355,True
15119,True
13348,True
16451,True
554265,True
15732,True
17789,True
15234,True
17153,True
14385,True
13762,True
17053,True
17166,True
17430,True
15986,True
17969,True
13561,True
17531,True
16256,True
17475,True
17312,True
13049,True
579909,True
575906,True
14947,True
13043,True
15857,True
17415,True
16159,True
18129,True
16215,True
13699,True
16198,True
13489,True
15554,True
15473,True
15942,True
12581,False
17615,True
17234,True
18010,True
16315,True
575844,True
13065,True
16509,True
16858,True
14870,True
579740,True
14915,True
16125,True
13390,True
12795,False
15504,True
14689,True
14799,True
17409,True
13618,True
13242,True
16761,True
16756,True
17987,True
12355,False
16510,True
12497,False
567539,True
14480,True
12990,True
543544,True
15578,True
16690,True
14819,True
14624,True
554683,True
17600,True
13663,True
17824,True
17535,True
539733,True
15607,True
553858,True
15667,True
559492,True
15139,True
13986,True
18074,True
16587,True
560294,True
16105,True
539991,True
14847,True
15199,True
15330,True
13805,True
547810,True
14046,True
18262,True
14964,True
17785,True
580124,False
12373,False
13169,True
13441,True
558869,True
18282,True
546949,True
18215,True
15045,True
558485,True
569676,True
15360,True
16471,True
12882,True
13711,True
559041,True
15793,True
14666,True
17205,True
15400,True
13792,True
13960,True
13666,True
13631,True
16302,True
12602,False
16832,True
12770,False
15692,True
15263,True
13754,True
17262,True
15678,True
16641,True
14798,True
17978,True
17572,True
17906,True
14804,True
16792,True
15007,True
14434,True
15917,True
12829,True
13325,True
15393,True
14145,True
12586,False
15925,True
17603,True
15922,True
14523,True
16847,True
18270,True
15385,True
12837,True
13718,True
556088,True
12660,False
17010,True
16997,True
17309,True
15836,True
569321,True
15886,True
13898,True
15670,True
16989,True
13697,True
14569,True
12879,True
16519,True
17110,True
17334,True
15724,True
17939,True
14501,True
14327,True
580369,True
14957,True
13436,True
14860,True
13809,False
13508,True
15277,True
17781,True
558610,True
15307,True
14218,True
17877,True
14079,True
15888,True
16096,True
16596,True
17492,True
15844,True
16181,True
16450,True
16189,True
13482,True
12732,False
15221,True
16179,True
13404,True
15935,True
13321,True
15462,True
16500,True
16080,True
16557,True
13980,True
579352,True
15895,True
14355,True
15267,True
13587,True
553857,False
16282,True
16598,True
14377,True
543536,True
12702,False
14012,True
545586,True
570473,True
15659,True
15970,True
16581,True
16611,True
15766,True
13973,True
14111,True
570761,True
16338,True
16829,True
13946,True
13033,True
539990,True
13295,True
558896,True
17680,True
539482,True
15174,True
13062,True
14806,True
13279,True
539747,True
13926,True
17517,True
13826,True
12442,False
17030,True
14863,True
14975,True
14882,True
13262,True
13182,True
17317,True
14477,True
17670,True
14929,True
13858,True
16846,True
537858,True
573916,True
16836,True
15096,True
536885,False
12871,True
13962,True
17900,True
536640,True
16866,True
14761,True
17862,True
15432,True
13483,True
12672,False
13712,True
13806,True
13229,True
13470,True
17044,True
13811,False
14241,True
18224,True
14551,True
12902,True
559799,True
13420,True
12441,False
18280,True
17165,True
14271,True
14287,True
18165,True
13929,True
577181,True
16337,True
536920,True
17187,True
14537,True
13434,True
13462,True
15327,True
15412,True
15388,False
17118,True
15198,True
14935,False
14727,True
17714,True
13581,True
17723,True
17737,True
13029,True
15773,True
552865,True
564365,True
12551,False
17791,True
552540,False
17887,True
14055,True
15733,True
14714,True
17805,True
17871,True
15683,True
17866,True
580537,True
561243,True
12565,False
14924,True
14853,True
18146,True
14208,True
14889,True
548996,True
12622,False
12618,False
561691,True
17496,True
13108,True
18066,True
12386,False
15523,True
13513,True
16050,True
12522,False
18030,True
13061,True
560050,True
12966,True
12574,False
16097,True
578842,True
12402,False
12367,False
13976,True
16591,True
539753,True
539074,True
15135,True
539493,True
12738,False
14483,True
16680,True
12430,False
15262,True
16696,True
16835,True
13261,True
17525,True
17534,True
15447,True
13669,True
16048,True
17538,True
17217,True
17339,True
12641,False
550641,True
18169,True
13519,True
16000,True
16349,True
573174,True
17601,True
15587,True
558865,False
13070,True
17349,True
12588,False
17245,True
14212,True
16917,True
12651,False
13690,True
561892,True
12938,True
17436,True
18194,True
14237,True
17446,True
16665,True
16634,True
17464,True
12929,True
17279,True
14354,True
16620,True
13751,True
545827,True
14908,True
550128,True
546957,True
556936,True
550012,True
548994,True
546293,True
16752,True
541692,True
13227,True
13937,True
537839,True
15219,True
15348,True
17080,True
13845,True
12831,True
578066,True
17148,True
16427,True
12361,False
14436,True
15758,True
16852,True
17123,True
15663,True
16457,True
17117,True
13778,True
14326,True
14772,True
18278,True
15689,True
538778,True
15204,True
17025,True
12977,True
15101,True
17947,True
15206,True
18277,True
15740,True
539242,True
557495,True
14438,True
12798,False
15739,True
C541492,True
17353,True
16658,True
16178,True
14699,True
13686,True
17881,True
14314,True
548384,True
14693,True
17440,True
18138,True
16849,True
14059,True
13059,True
17455,True
15226,True
552017,True
12974,True
17650,True
14406,True
17643,True
578332,True
14632,True
13260,True
17698,True
17574,True
15843,True
15565,True
12450,False
16006,True
13101,True
13103,True
13638,True
15803,True
16055,True
13277,True
16913,True
17746,True
15257,True
13058,True
541494,True
568565,True
16114,True
14195,True
560117,True
14368,True
554652,True
14248,True
18269,True
16586,True
14981,True
16287,True
555502,True
15419,True
14238,True
16432,True
14280,True
581197,True
13710,True
547089,True
560297,True
577803,True
536991,True
571545,True
13207,True
15405,True
15381,True
16226,True
13484,True
18249,True
18209,True
15299,True
16351,True
13161,True
17958,True
13283,True
539951,True
15909,True
16988,True
15463,True
14641,True
15171,True
17647,True
16963,True
17639,True
13786,True
539457,True
14143,True
15395,True
551537,True
15937,True
15030,True
13072,True
15958,True
16959,True
15567,True
13347,True
16872,True
18281,True
14681,True
17122,True
17022,True
14500,True
12881,True
565852,True
543916,True
15717,True
13002,True
14494,True
15212,True
554056,True
559501,True
572097,True
13866,True
14066,True
12884,True
13876,True
17709,True
13938,True
556823,True
15361,True
14473,True
581431,True
13217,True
15797,True
16414,True
12888,True
14764,True
15775,True
552866,True
14760,True
16861,True
16757,True
15759,True
16597,True
538627,True
16227,True
18048,True
18191,True
569031,True
13922,True
14219,True
13133,True
14386,True
13145,True
18064,True
16248,True
18086,True
14890,True
15158,True
13807,True
15512,True
16163,True
16828,True
14601,True
18042,True
573176,True
15458,True
18147,True
539649,True
549181,True
17206,True
573154,False
C578097,True
559496,True
13723,True
545230,True
17414,True
14768,True
14295,True
14887,True
548699,True
14045,True
13689,True
15428,True
16430,True
15653,True
16424,True
14582,True
14967,True
14836,True
14054,True
14353,True
17330,True
15705,True
538666,True
16213,True
16516,True
538358,True
15100,True
15709,True
569237,True
555474,True
12821,True
13003,True
12547,False
17879,True
14495,True
15729,True
17325,True
559517,True
13493,False
12863,True
17718,True
15266,True
548562,False
536596,True
563930,True
16276,True
17513,True
18255,True
15422,True
17524,True
14027,True
569869,True
12686,False
542135,True
14147,True
558064,True
16190,True
573313,True
567982,True
15944,True
15397,True
16041,True
13079,True
15973,True
13080,True
14155,True
17578,True
14340,True
539479,True
18240,True
13095,True
13525,True
17556,True
539748,True
14196,True
15256,True
12509,False
18087,True
17268,True
17549,True
17929,True
14463,True
560993,True
14345,True
575900,True
16671,True
16878,True
16106,True
14782,True
16610,True
14039,True
15247,True
16582,True
15180,True
15610,True
14789,True
15612,True
14861,True
14795,True
16927,True
552009,True
554653,True
557024,True
558337,True
562916,True
557511,True
565764,True
557780,True
13299,True
554436,True
12823,True
16569,True
16617,True
16623,True
16698,True
16789,True
578037,True
13296,True
16998,True
17060,True
13223,True
13218,True
13216,True
17163,True
17468,True
17628,True
17640,True
17707,True
17820,True
12995,True
17844,False
12968,True
17991,True
18019,True
18032,True
18050,True
18227,True
537633,True
537679,True
573308,True
16542,True
16405,True
16377,True
15042,True
14124,True
14213,True
14259,True
13992,True
14393,True
14437,True
13958,True
13947,True
14542,True
14627,True
13848,True
14752,True
14962,True
15063,True
16363,True
15083,True
15168,True
15222,True
15347,True
15350,True
15445,True
13651,True
15593,True
13645,True
15661,True
579537,True
15703,True
13522,True
572515,True
17500,True
570838,True
570858,True
548977,True
542849,True
548386,True
12755,False
548322,True
544938,True
547082,True
551177,True
567301,True
544324,True
12734,False
13006,True
12984,True
16308,True
550963,True
15728,True
14987,True
14865,True
17788,True
14816,True
13832,True
14792,True
12659,False
575677,True
18220,True
580748,True
18246,True
14840,True
17620,True
555250,True
544469,False
13693,True
570472,True
15368,True
17174,True
17212,True
15526,True
564847,True
13160,True
13147,True
568217,True
559161,True
17394,True
12403,False
12401,False
577777,True
12548,False
549122,True
566072,True
15160,True
15098,True
17026,True
18256,True
575130,True
551176,True
539412,True
16446,True
567427,True
562530,True
539480,True
13514,True
539648,True
579361,True
16387,True
14373,True
14371,True
539952,True
542387,True
12353,False
564021,True
572190,True
563088,True
540685,True
553100,True
559694,True
14053,True
563467,True
580732,True
14080,True
12897,True
549236,True
574432,True
12756,False
537637,True
563687,True
14609,True
16532,True
13551,True
15899,True
14566,False
14548,True
14661,True
12873,True
14520,True
16505,True
16462,True
539070,True
536780,True
14457,True
537621,True
13682,True
548945,True
16171,True
15744,True
548901,True
579289,True
15992,True
548653,True
548674,True
15619,True
541982,True
15374,True
552522,True
14616,True
14589,True
12587,False
552063,True
562225,True
13948,True
564185,True
564785,True
14423,True
552534,True
14300,True
14185,True
14148,True
14117,True
580674,True
561509,True
13877,True
14777,True
14785,True
14946,True
560995,True
550898,True
15043,True
15049,True
12605,False
550249,True
15178,True
550011,True
13739,True
15286,True
549536,True
16262,True
16679,True
16319,True
18273,True
538044,True
543263,True
537411,True
574574,True
574742,True
12891,True
575084,True
12908,True
538520,True
18058,True
543762,True
18017,True
571052,True
544326,True
13011,True
17775,True
538096,True
C561239,False
576588,True
539825,True
571891,True
556625,True
12817,False
556679,True
540474,True
542137,True
539992,True
572883,True
12864,True
573025,True
573290,False
539449,True
557229,True
12855,True
539323,True
539045,True
C553854,True
12736,False
544418,True
17024,True
16986,True
17616,True
555926,True
C577779,True
16784,True
16742,True
16716,True
12665,False
12789,False
547006,True
16565,True
16545,True
13403,True
16506,True
547364,True
546663,True
563717,True
544595,True
13194,True
13132,True
17536,True
13144,True
576829,False
C547091,True
17391,True
12445,False
569149,True
580724,True
572757,True
579463,True
566224,True
566874,True
569534,True
571930,True
578788,True
572099,True
571894,True
571929,True
575934,True
564018,True
C567518,False
C543185,True
570497,True
575925,True
574428,True
570470,True
567974,True
574556,True
570462,True
580683,True
580699,True
C557664,False
C554716,True
580739,True
580150,True
578828,True
571222,True
565346,True
573540,True
580709,True
577231,True
581435,True
12346,True
547723,True
544082,True
547239,True
15488,True
15603,True
15638,True
546876,True
15649,True
546779,True
546444,True
15691,True
546311,True
546109,True
15945,True
16073,True
545832,True
16162,True
544431,True
16344,True
15442,True
547411,True
15423,True
550640,True
14199,True
14603,True
14642,True
551536,True
14682,True
551325,True
550931,True
549896,True
548219,True
14821,True
15216,True
548895,True
15269,True
548624,True
548390,True
548321,True
544088,True
16429,True
13967,True
16468,True
17547,True
17553,True
17747,True
17831,True
17896,True
17941,True
17942,True
539481,True
539223,True
17995,True
18080,True
18084,True
538649,True
538127,True
537442,True
18268,True
536555,True
17427,True
17408,True
539839,True
16976,True
543751,True
16659,True
16692,True
542871,True
16754,True
16856,True
541652,True
540973,True
539979,True
17029,True
17079,True
540497,True
17186,True
540186,True
17382,True
539986,True
552035,True
536565,True
552541,False
554811,True
555927,True
13228,True
556431,True
556499,True
13188,True
556907,True
13130,True
557253,True
557254,True
557323,True
558055,True
558566,True
558569,True
13106,True
13068,True
559304,True
559520,True
560121,True
12917,True
12875,True
12870,True
560900,True
561245,True
12666,False
563027,True
13298,True
558243,True
552862,True
553715,True
553171,True
552892,True
552832,True
552713,True
13452,True
552834,True
554538,True
17715,True
580715,True
C561966,True
17752,True
C559949,False
17443,False
C558364,True
17763,True
14424,True
14576,True
15316,True
17347,True
12943,True
C553862,True
C562030,True
17331,True
13017,True
17307,True
17291,True
17102,True
C548605,True
577401,True
14679,True
13099,True
575974,False
17923,True
14351,True
16990,True
575057,True
C579757,True
14119,True
18233,True
575162,True
12603,False
18184,True
18174,True
18141,True
13841,True
18133,True
18113,True
C575153,True
C574288,True
575696,True
C573180,True
18068,True
12791,False
17986,True
C569495,False
17956,True
17948,True
13829,True
12814,False
C562617,False
575928,True
17925,True
16995,True
577780,True
C547008,True
13185,True
C539948,False
C539756,True
16061,True
C538686,True
15940,True
13703,True
15753,True
580521,True
15668,True
15070,True
15657,True
13135,True
15118,True
C546758,True
15195,True
15562,True
15524,True
15510,True
13391,True
13366,True
13270,True
536558,True
15313,True
15389,True
13302,True
13307,True
16078,True
16093,True
16138,True
16144,True
16953,True
16881,True
C545506,False
16765,True
C543384,True
16738,True
16737,True
14705,True
C542860,True
16579,True
C542540,True
16454,True
14090,True
578823,True
13120,True
16428,True
C540854,True
13747,True
16323,True
C540559,False
16257,True
C540155,False
578845,True
578847,True
16148,True
563579,True
573181,True
536866,True
567135,True
551847,True
551848,True
551853,True
552006,True
552194,True
552524,True
552525,True
567146,True
553157,True
569551,True
566761,True
566635,True
553353,True
553849,True
554841,True
554945,True
554967,True
555878,True
551716,True
551538,True
567674,True
551506,True
547025,True
547225,True
569516,True
547393,True
547865,True
548204,True
548393,True
548692,True
548720,True
549040,True
568691,True
549314,True
549534,True
549668,True
549712,True
551317,True
551425,True
556033,True
556514,True
556730,True
559805,True
560217,True
560367,True
560494,True
560591,True
560755,True
560775,True
560865,True
561000,True
564628,True
561333,True
561516,True
562350,True
564205,True
562536,True
562588,True
562937,True
563160,True
559924,True
559522,True
556810,True
559490,True
557140,True
565755,True
557501,True
557610,True
565400,True
557936,True
558236,True
558242,True
558246,True
558453,True
565076,True
558697,True
564954,True
564951,True
558720,True
558866,False
559166,True
547009,True
547007,True
536883,True
539734,True
539656,True
539665,True
539713,True
563190,True
573177,True
539714,True
539715,True
539729,True
539751,True
569818,True
539758,True
539759,True
539989,True
540116,True
540150,True
540227,True
540375,True
540476,True
539651,True
539643,True
573310,True
539500,False
537220,True
537230,True
537252,True
537675,True
574519,True
538060,True
538188,True
574309,True
574270,True
538724,True
538867,True
538885,True
539013,True
539081,True
539265,True
539441,True
539485,True
540495,True
540833,True
571932,True
544325,True
544438,True
544773,True
544820,True
544927,True
545299,True
545424,True
545584,True
570474,True
545703,True
545858,True
546002,True
546004,True
570286,True
546312,True
546393,True
546539,True
569863,True
544333,True
544085,True
540836,True
543922,True
541118,True
571910,True
541412,True
542127,True
542136,True
542253,True
542594,True
571703,True
571700,True
543018,False
543383,True
543385,True
543460,True
543753,True
571256,True
543796,True
543920,True
C579907,False
